customer_id,customer_name,email,city
101,Arjun,arjun@mail.com,Chennai
102,Priya,priya@mail.com,Bangalore
103,Rahul,rahul@mail.com,Hyderabad
104,Meena,meena@mail.com,Delhi
105,Karthik,karthik@mail.com,Mumbai
106,Suresh,suresh@mail.com,Pune
107,Anjali,anjali@mail.com,Kolkata
108,Vivek,vivek@mail.com,Chandigarh
109,Divya,divya@mail.com,Jaipur
110,Ravi,ravi@mail.com,Lucknow
